<?xml version="1.0" encoding="UTF-8"?>
<rss version="2.0" xmlns:atom="http://www.w3.org/2005/Atom">
  <channel>
    <title>Your awesome title</title>
    <description>Write an awesome description for your new site here. You can edit this line in _config.yml. It will appear in your document head meta (for Google search results) and in your feed.xml site description.
</description>
    <link>http://localhost:4000/</link>
    <atom:link href="http://localhost:4000/feed.xml" rel="self" type="application/rss+xml"/>
    <pubDate>Tue, 28 Feb 2023 17:00:11 -0800</pubDate>
    <lastBuildDate>Tue, 28 Feb 2023 17:00:11 -0800</lastBuildDate>
    <generator>Jekyll v4.3.2</generator>
    
  </channel>
</rss>
